Luchador,Nacionalidad
Amanda Ribas,Brasileña
Rose Namajunas,EstadounidenseLituana
Karl Williams,missingvalue
Justin Tafa,Neozelandés
Edmen Shahbazyan,Estadounidense
AJ Dobson,missingvalue
Payton Talbott,Estadounidense
Cameron Saaiman,Sudafricano
Billy Quarantillo,Estadounidense
Youssef Zalal,Marroquí
Fernando Padilla,Mexicano
Luis Pajuelo,missingvalue
Kurt Holobaugh,missingvalue
Trey Ogden,missingvalue
Ricardo Ramos,Brasileña
Julian Erosa,Estadounidense
Miles Johns,Estadounidense
Cody Gibson,missingvalue
Jarno Errens,missingvalue
Steven Nguyen,missingvalue
Montserrat Rendon,Mexicana
Igor Severino,missingvalue
Andre Lima,missingvalue
Mohammed Usman,missingvalue
Mick Parkin,missingvalue
Tai Tuivasa,Australiano
Marcin Tybura,Polaca
Ovince Saint Preux,Estadounidense
Kennedy Nzechukwu,Nigeriana
Christian Rodriguez,missingvalue
Isaac Dulgarian,missingvalue
Pannie Kianzad,Sueca
Macy Chiasson,Estadounidense
Gerald Meerschaert,Estadounidense
Bryan Barberena,Estadounidense
Natan Levy,Israelí
Mike Davis,missingvalue
Josiane Nunes,missingvalue
Chelsea Chandler,Estadounidense
Jafel Filho,missingvalue
Ode Osbourne,missingvalue
Josh Culibao,missingvalue
Danny Silva,missingvalue
Jaqueline Amorim,missingvalue
Cory McKenna,Galesa
Thiago Moises,missingvalue
Mitch Ramirez,missingvalue
Charalampos Grigoriou,missingvalue
Chad Anheliger,missingvalue
Sean O'Malley,missingvalue
Marlon Vera,Ecuatoriana
Dustin Poirier,Estadounidense
Benoit Saint Denis,missingvalue
Kevin Holland,Estadounidense
Michael Page,Británico
Gilbert Burns,Brasileño
Jack Della Maddalena,Australiano
Petr Yan,Ruso
Song Yadong,China
Curtis Blaydes,Estadounidense
Jailton Almeida,Brasileño
Katlyn Cerminara,missingvalue
Maycee Barber,Estadounidense
Mateusz Gamrot,Polaca
Rafael Dos Anjos,missingvalue
Pedro Munhoz,Brasileño
Kyler Phillips,Estadounidense
Ion Cutelaba,missingvalue
Philipe Lins,Brasileña
Michel Pereira,Brasileña
Michal Oleksiejczuk,missingvalue
Robelis Despaigne,Cubano
Josh Parisian,Estadounidense
CJ Vergara,missingvalue
Asu Almabayev,missingvalue
Joanne Wood,Escocesa
Maryna Moroz,Ucraniana
Jairzinho Rozenstruik,Surinam Surinam
Shamil Gaziev,missingvalue
Vitor Petrino,Brasileño
Tyson Pedro,missingvalue
Alex Perez,missingvalue
Muhammad Mokaev,Ruso Británico
Umar Nurmagomedov,Rusa
Bekzat Almakhan,missingvalue
Matt Schnell,Estadounidense
Steve Erceg,Australiano
Eryk Anders,Filipina
Jamie Pickett,Estadounidense
Vinicius Oliveira,missingvalue
Benardo Sopaj,missingvalue
Aiemann Zahabi,Canadiense
Javid Basharat,AfganoBritánico
Christian Leroy Duncan,missingvalue
Claudio Ribeiro,missingvalue
Ludovit Klein,missingvalue
AJ Cunningham,missingvalue
Abdul-Kareem Al-Selwady,missingvalue
Loik Radzhabov,missingvalue
Brandon Moreno,Mexicano
Brandon Royval,Estadounidense
Yair Rodriguez,missingvalue
Brian Ortega,Estadounidense
Daniel Zellhuber,Mexicano
Francisco Prado,Argentino
Yazmin Jauregui,Mexicana
Sam Hughes,Estadounidense
Manuel Torres,missingvalue
Chris Duncan,missingvalue
Cristian Quinonez,missingvalue
Raoni Barcelos,Brasileña
Jesus Aguilar,missingvalue
Mateus Mendonca,missingvalue
Edgar Chairez,Mexicano
Daniel Lacerda,Brasileño
Claudio Puelles,Peruano
Fares Ziam,missingvalue
Ronaldo Rodriguez,missingvalue
Denys Bondar,missingvalue
Victor Altamirano,missingvalue
Felipe dos Santos,Brasileña
Erik Silva,missingvalue
Muhammad Naimov,Tayiko
Alexander Volkanovski,Australiano
Ilia Topuria,Española[2]​
Robert Whittaker,Estadounidense
Paulo Costa,Brasileño
Geoff Neal,Estadounidense
Ian Machado Garry,missingvalue
Merab Dvalishvili,Georgiana
Henry Cejudo,Estadounidense  Mexicana
Anthony Hernandez,Estadounidense
Roman Kopylov,Ruso
Amanda Lemos,Brasileña
Mackenzie Dern,Estadounidense
Marcos Rogerio de Lima,missingvalue
Junior Tafa,missingvalue
Rinya Nakamura,Japónes
Carlos Vera,missingvalue
Zhang Mingyang,missingvalue
Brendson Ribeiro,missingvalue
Josh Quinlan,missingvalue
Danny Barlow,missingvalue
Oban Elliott,missingvalue
Val Woodburn,missingvalue
Andrea Lee,Estadounidense
Miranda Maverick,Estadounidense
Jack Hermansson,Sueco Noruego
Joe Pyfer,Estadounidense
Dan Ige,Estadounidense
Andre Fili,Estadounidense
Robert Bryczek,missingvalue
Ihor Potieria,missingvalue
Brad Tavares,Estadounidense
Gregory Rodrigues,Brasilero
Michael Johnson,missingvalue
Darrius Flowers,missingvalue
Rodolfo Vieira,Brasileño
Armen Petrosyan,RusoArmenio
Trevin Giles,Estadounidense
Carlos Prates,missingvalue
Bolaji Oki,missingvalue
Timmy Cuamba,missingvalue
Loma Lookboonmee,Tailandesa
Bruna Brasil,missingvalue
Devin Clark,Estadounidense
Marcin Prachnio,missingvalue
Max Griffin,missingvalue
Jeremiah Wells,Estadounidense
Zac Pauga,missingvalue
Bogdan Guskov,missingvalue
Fernie Garcia,missingvalue
Hyder Amil,missingvalue
Roman Dolidze,Georgiano
Nassourdine Imavov,Francesa
Renato Moicano,Brasileño
Drew Dober,Estadounidense
Randy Brown,Estadounidense
Muslim Salikhov,Rusa
Viviane Araujo,Brasileña
Natalia Silva,missingvalue
Gilbert Urbina,missingvalue
Charles Radtke,missingvalue
Molly McCann,Inglesa
Diana Belbita,missingvalue
Azat Maksum,missingvalue
Charles Johnson,Estadounidense
Themba Gorimbo,missingvalue
Pete Rodriguez,Estadounidense
JeongYeong Lee,missingvalue
Blake Bilder,missingvalue
Luana Carolina,Brasileña
Julija Stoliarenko,Lituana
Landon Quinones,missingvalue
MarQuel Mederos,missingvalue
Thomas Petersen,missingvalue
Jamal Pogues,missingvalue
Sean Strickland,Estadounidense
Dricus Du Plessis,missingvalue
Raquel Pennington,Estadounidense
Mayra Bueno Silva,Brasileña
Neil Magny,Estadounidense
Mike Malott,Canadiense
Chris Curtis,Estadounidense
Marc-Andre Barriault,missingvalue
Arnold Allen,Inglés
Movsar Evloev,Ruso
Brad Katona,Canadiense
Garrett Armfield,missingvalue
Charles Jourdain,Canadiense
Sean Woodson,Estadounidense
Serhiy Sidey,missingvalue
Ramon Taveras,missingvalue
Gillian Robertson,Canadiense
Polyana Viana,Brasileña
Yohan Lainesse,missingvalue
Sam Patterson,missingvalue
Jasmine Jasudavicius,missingvalue
Priscila Cachoeira,Brasileña
Malcolm Gordon,Canadiense
Jimmy Flick,missingvalue
Magomed Ankalaev,Rusa
Johnny Walker,missingvalue
Jim Miller,Estadounidense
Gabriel Benitez,missingvalue
Ricky Simon,missingvalue
Mario Bautista,Estadounidense
Phil Hawes,Estadounidense
Brunno Ferreira,missingvalue
Andrei Arlovski,Bielorruso
Waldo Cortes-Acosta,missingvalue
Matthew Semelsberger,Estadounidense
Preston Parsons,missingvalue
Marcus McGhee,missingvalue
Gaston Bolanos,missingvalue
Farid Basharat,AfganoBritánico
Taylor Lapilus,Francés
Westin Wilson,missingvalue
Jean Silva,Brasileño
Nikolas Motta,missingvalue
Tom Nolan,missingvalue
Joshua Van,missingvalue
Felipe Bunes,missingvalue
Leon Edwards,Jamaicano Británico
Colby Covington,Estadounidense
Alexandre Pantoja,Brasileña
Shavkat Rakhmonov,Kazajo
Stephen Thompson,missingvalue
Tony Ferguson,Estadounidense
Paddy Pimblett,Inglés
Josh Emmett,Estadounidense
Bryce Mitchell,Estadounidense
Alonzo Menifield,Estadounidense
Dustin Jacoby,Estadounidense
Irene Aldana,Mexicana
Karol Rosa,Brasileña
Cody Garbrandt,Estadounidense
Brian Kelleher,Estadounidense
Casey O'Neill,Escocesa
Ariane Lipski,Brasilera
Tagir Ulanbekov,Rusa
Cody Durden,Estadounidense
Lucas Almeida,missingvalue
Martin Buday,missingvalue
Chris Gutierrez,missingvalue
Anthony Smith,Estadounidense
Khalil Rountree Jr.,Estadounidense
Nasrat Haqparast,Alemana
Jamie Mullarkey,Australiana
Tim Elliott,Estadounidense
Sumudaerji,missingvalue
JunYong Park,missingvalue
Andre Muniz,missingvalue
Song Kenan,missingvalue
Kevin Jousset,missingvalue
HyunSung Park,missingvalue
Shannon Ross,missingvalue
Steve Garcia,Estadounidense
Melquizael Costa,missingvalue
Luana Santos,missingvalue
Stephanie Egger,Suiza
Tatsuro Taira,Japonés
Carlos Hernandez,missingvalue
Rayanne Amanda,missingvalue
Talita Alencar,missingvalue
Beneil Dariush,Estadounidense
Arman Tsarukyan,Armenio[1]​[2]​
Jalin Turner,Estadounidense
Bobby Green,Estadounidense
Rob Font,Estadounidense
Deiveson Figueiredo,Brasileño
Sean Brady,missingvalue
Kelvin Gastelum,Estadounidense
Clay Guida,Estadounidense
Joaquim Silva,missingvalue
Punahele Soriano,Estadounidense
Dustin Stoltzfus,Estadounidense
Miesha Tate,Estadounidense
Julia Avila,Estadounidense
Zach Reese,missingvalue
Cody Brundage,Estadounidense
Drakkar Klose,missingvalue
Joe Solecki,Estadounidense
Rodolfo Bellato,missingvalue
Wellington Turman,Brasileña
Jared Gooden,Estadounidense
Veronica Hardy,missingvalue
Jamey-Lyn Horth,missingvalue
Brendan Allen,Estadounidense
Paul Craig,Escocesa
Michael Morales,Ecuatoriana
Jake Matthews,Estadounidense
Chase Hooper,Estadounidense
Jordan Leavitt,Estadounidense
Nick Aguirre,missingvalue
Luana Pinheiro,Brasileña
Uros Medic,Serbio
Myktybek Orolbai,missingvalue
Jonathan Pearce,Estadounidense
Joanderson Brito,missingvalue
Jose Johnson,missingvalue
Denis Tiuliulin,missingvalue
Caio Machado,missingvalue
Jeka Saragih,missingvalue
Lucas Alexander,missingvalue
Lucie Pudilova,missingvalue
Ailin Perez,Argentina
Rafael Estevam,missingvalue
Jiri Prochazka,missingvalue
Alex Pereira,Brasileña
Sergei Pavlovich,Rusa
Tom Aspinall,Inglesa
Jessica Andrade,missingvalue
Matt Frevola,Estadounidense
Diego Lopes,Brasileño
Pat Sabatini,Estadounidense
Alessandro Costa,missingvalue
Tabatha Ricci,Brasileña
Loopy Godinez,missingvalue
Mateusz Rebecki,missingvalue
Roosevelt Roberts,Estadounidense
Jared Gordon,Estadounidense
Mark Madsen,Estadounidense
John Castaneda,missingvalue
Kyung Ho Kang,missingvalue
Kevin Borjas,Peruano
Dennis Buzukja,missingvalue
Jamall Emmers,Estadounidense
Derrick Lewis,Estadounidense
Gabriel Bonfim,missingvalue
Nicolas Dalby,missingvalue
Rodrigo Nascimento,Brasileña
Don'Tale Mayes,Estadounidense
Caio Borralho,Brasileño
Abus Magomedov,missingvalue
Elves Brener,missingvalue
Kaynan Kruschewsky,missingvalue
Modestas Bukauskas,Lituana
Angela Hill,Estadounidense
Denise Gomes,Brasileña
Eduarda Moura,missingvalue
Montserrat Conejo Ruiz,missingvalue
Kaue Fernandes,missingvalue
Marc Diakiese,Congoleña
Islam Makhachev,Ruso
Kamaru Usman,Nigeriana
Khamzat Chimaev,Ruso
Ikram Aliskerov,Ruso
Warlley Alves,missingvalue
Said Nurmagomedov,Rusa
Muin Gafurov,missingvalue
Mohammad Yahya,missingvalue
Trevor Peek,missingvalue
Abu Azaitar,missingvalue
Sedriques Dumas,missingvalue
Mike Breeden,missingvalue
Anshul Jubli,missingvalue
Nathaniel Wood,Inglesa
Viktoriia Dudakova,missingvalue
Jinh Yu Frey,Estadounidense
Shara Magomedov,Rusa
Bruno Silva,
Sodiq Yusuff,NigerianoEstadounidense [2]​
Edson Barboza,brasileño
Jennifer Maia,Brasileña
Jonathan Martinez,Estadounidense
Adrian Yanez,Estadounidense
Andre Petroski,Estadounidense
Darren Elkins,Estadounidense
TJ Brown,missingvalue
Tainara Lisboa,missingvalue
Ravena Oliveira,missingvalue
Terrance McKinney,missingvalue
Brendon Marotte,missingvalue
Irina Alekseeva,missingvalue
Melissa Dixon,missingvalue
Alatengheili,missingvalue
Ashley Yoder,Estadounidense
Emily Ducote,Estadounidense
Grant Dawson,Estadounidense
Abdul Razak Alhassan,Ghanesa
Alex Morono,Estadounidense
Joaquin Buckley,Estadounidense
Ricky Glenn,Estadounidense
Alexander Hernandez,Estadounidense
Bill Algeo,Estadounidense
Karolina Kowalkiewicz,Polaca
Nate Maness,Estadounidense
Vanessa Demopoulos,Estadounidense
Kanako Murata,missingvalue
Aoriqileng,missingvalue
Johnny Munoz,missingvalue
Montana De La Rosa,Estadounidense
JJ Aldrich,Estadounidense
Rafael Fiziev,Kazaja
Marina Rodriguez,Brasileña
Michelle Waterson-Gomez,missingvalue
Bryan Battle,missingvalue
AJ Fletcher,missingvalue
Tim Means,missingvalue
Andre Fialho,missingvalue
Jacob Malkoun,Australiana
Jake Collier,Estadounidense
Mizuki,missingvalue
Hannah Goldy,Estadounidense
Tamires Vidal,missingvalue
Raul Rosas Jr.,missingvalue
Terrence Mitchell,missingvalue
Christos Giagos,Estadounidense
Kyle Nelson,Canadiense
Elise Reed,Estadounidense
Josh Fremd,missingvalue
Tracy Cortez,EstadounidenseMexicana
Alex Reyes,missingvalue
Charlie Campbell,missingvalue
Josefine Knutsson,missingvalue
Marnic Mann,missingvalue
Israel Adesanya,Nigeriano[4]​  Neozelandés
Alexander Volkov,missingvalue
Manel Kape,AngoleñaPortuguesa
Austen Lane,missingvalue
Anton Turkalj,missingvalue
Carlos Ulberg,Neozelandesa
Da Woon Jung,missingvalue
Jack Jenkins,missingvalue
Chepe Mariscal,missingvalue
John Makdessi,missingvalue
Blood Diamond,missingvalue
Shane Young,missingvalue
Gabriel Miranda,Uruguayo y venezolano
Kiefer Crosbie,missingvalue
Ciryl Gane,Francesa
Serghei Spivac,Moldava
Manon Fiorot,Francesa
Volkan Oezdemir,Suizo
William Gomis,missingvalue
Yanis Ghemmouri,missingvalue
Morgan Charriere,missingvalue
Manolo Zecchini,missingvalue
Caolan Loughran,missingvalue
Ange Loosa,missingvalue
Rhys McKee,missingvalue
Nora Cornolle,missingvalue
Joselyne Edwards,Panameña
Kleydson Rodrigues,missingvalue
Zarah Fairn,missingvalue
Jacqueline Cavalcanti,missingvalue
Max Holloway,Estadounidense
Chan Sung Jung,Surcoreano
Ryan Spann,Estadounidense
Giga Chikadze,Georgiana
Alex Caceres,Estadounidense
Erin Blanchfield,Estadounidense
Taila Santos,Brasileña
Parker Porter,Estadounidense
Lukasz Brzeski,missingvalue
Toshiomi Kazama,missingvalue
Chidi Njokuani,Estadounidense
Rolando Bedoya,missingvalue
Billy Goff,missingvalue
Yusaku Kinoshita,missingvalue
Liang Na,missingvalue
SeungWoo Choi,missingvalue
Aljamain Sterling,Estadounidense
Zhang Weili,missingvalue
Da'Mon Blackshear,missingvalue
Chris Weidman,Estadounidense
Austin Hubbard,Estadounidense
Karine Silva,Brasileña
Vicente Luque,Brasileño
Cub Swanson,Estadounidense
Hakeem Dawodu,Canadiense
Chris Daukaus,Estadounidense
Iasmin Lucindo,missingvalue
Tafon Nchukwi,Camerunesa
JP Buys,missingvalue
Francis Marshall,missingvalue
Juliana Miller,missingvalue
Cory Sandhagen,Estadounidense
Tatiana Suarez,Estadounidense
Gavin Tucker,missingvalue
Tanner Boser,Canadiense
Aleksa Camur,Bosnia
Ignacio Bahamondes,Chilena
Carlston Harris,Guyanesa
Damon Jackson,Estadounidense
Jake Hadley,missingvalue
Justin Gaethje,Estadounidense
Jan Blachowicz,missingvalue
Michael Chiesa,Estadounidense
Vinicius Salvador,missingvalue
Jai Herbert,Inglesa
Lerone Murphy,Inglesa
Davey Grant,Inglesa
Daniel Marcos,Peruano
Danny Roberts,Inglesa
Jonny Parsons,missingvalue
Joel Alvarez,missingvalue
Makhmud Muradov,Uzbeka
Ketlen Vieira,Brasileña
Yanal Ashmouz,missingvalue
Shauna Bannon,missingvalue
Daniel Barez,Español
Bassil Hafez,missingvalue
Ottman Azaitar,Alemana
Albert Duraev,missingvalue
Norma Dumont,Brasileña
Nazim Sadykhov,missingvalue
Tucker Lutz,missingvalue
Melsik Baghdasaryan,Armenia
Istela Nunes,missingvalue
Austin Lingo,Estadounidense
Evan Elder,missingvalue
Genaro Valdez,missingvalue
Tyson Nam,missingvalue
Alexander Munoz,missingvalue
Carl Deaton,missingvalue
Ashlee Evans-Smith,Estadounidense
Dan Hooker,Neozelandés
Bo Nickal,Estadounidense
Robbie Lawler,Estadounidense
Niko Price,Estadounidense
Jimmy Crute,Australiana
Kamuela Kirk,missingvalue
Esteban Ribovics,Argentino
Damir Ismagulov,Rusa
Melissa Gatto,Brasileña
Ismael Bonfim,missingvalue
Nursulton Ruziboev,Uzbeko
Kevin Lee,Estadounidense
Rinat Fakhretdinov,missingvalue
Yana Santos,missingvalue
Guram Kutateladze,missingvalue
Ivana Petrovic,missingvalue
Alexandr Romanov,missingvalue
Blagoy Ivanov,Búlgaro
David Onama,missingvalue
Gabriel Santos,Colombiano
Phil Rowe,missingvalue
Zhalgas Zhumagulov,Kazaja
Marvin Vettori,Italiano
Jared Cannonier,Estadounidense
Tereza Bleda,missingvalue
Gabriella Fernandes,missingvalue
Amanda Nunes,brasileña
Charles Oliveira,Brasileño
Adam Fugitt,missingvalue
Nate Landwehr,Estadounidense
David Dvorak,missingvalue
Maria Oliveira,missingvalue
Kai Kara-France,Neozelandesa
Amir Albazi,Iraquí
Daniel Pineda,Estadounidense
Jesse Butler,missingvalue
Ketlen Souza,Brasileña
Abubakar Nurmagomedov,Rusa
Elizeu Zaleski dos Santos,Brasileña
Daniel Santos,Puertorriqueña
Luan Lacerda,missingvalue
Maxim Grishin,Rusa
Diego Ferreira,Uruguaya Uruguaya
Maheshate,missingvalue
Viacheslav Borshchev,missingvalue
Orion Cosce,missingvalue
Ilir Latifi,Sueco
Nick Fiore,missingvalue
Victoria Leonardo,Estadounidense
Takashi Sato,missingvalue
Daniel Rodriguez,missingvalue
Matt Brown,Estadounidense
Court McGee,Estadounidense
Chase Sherman,Estadounidense
Cody Stamann,Estadounidense
Douglas Silva de Andrade,Brasileña
Ji Yeon Kim,Surcoreana
Mandy Bohm,missingvalue
Gabe Green,missingvalue
Jessica-Rose Clark,Australiana
Belal Muhammad,Estadounidense
Yan Xiaonan,China
Kron Gracie,Brasileña
Khaos Williams,Estadounidense
Virna Jandiroba,Brasileña
Braxton Smith,missingvalue
Joseph Holmes,missingvalue
Trey Waters,missingvalue
Journey Newson,missingvalue
Hailey Cowan,missingvalue
Brogan Walker,missingvalue
Rani Yahya,Brasileño
Montel Jackson,Estadounidense
Brady Hiestand,missingvalue
Batgerel Danaa,missingvalue
Azamat Murzakanov,Ruso
Rafa Garcia,missingvalue
Matheus Nicolau,Brasileña
Zak Cummings,missingvalue
Ed Herman,Estadounidense
Piera Rodriguez,missingvalue
Lando Vannata,estadounidense
Aaron Phillips,missingvalue
Jorge Masvidal,Estadounidense
Santiago Ponzinibbio,Argentino
Cynthia Calvillo,Estadounidense
Shayilan Nuerdanbieke,China
Holly Holm,Estadounidense
Steven Peterson,Estadounidense
Gunnar Nelson,Islandés
Jack Shore,Galesa
Makwan Amirkhani,Finlandés por naturalización[2]​[5]​ (doble nacionalidad)
Omar Morales,
Dusko Todorovic,missingvalue
Nikita Krylov,Ucraniano
Guido Cannetti,Argentina
Raphael Assuncao,missingvalue
Victor Henry,missingvalue
Tony Gravely,Estadounidense
Jon Jones,Estadounidense
Valentina Shevchenko,KirguisaPeruanaRusa[2]​
Alexa Grasso,Mexicana
Trevin Jones,Estadounidense
Derek Brunson,Estadounidense
Julian Marquez,Estadounidense
Mana Martinez,missingvalue
Jessica Penne,Estadounidense
Augusto Sakai,Brasileña
Erick Gonzalez,missingvalue
Victor Martinez,Argentina
Rafael Alves,missingvalue
Nurullo Aliev,missingvalue
Jordan Wright,Estadounidense
William Knight,Estadounidense
Lina Lansberg,missingvalue
Khusein Askhabov,missingvalue
Clayton Carpenter,missingvalue
Juancamilo Ronderos,missingvalue
Don Shainis,missingvalue
Zubaira Tukhugov,Rusa
Yizha,missingvalue
SeungGuk Choi,missingvalue
Glover Teixeira,Brasileño
Jamahal Hill,Estadounidense
Lauren Murphy,Estadounidense
Mauricio Rua,Brasileño
Mounir Lazzez,Túnez Túnez
Shamil Abdurakhimov,Rusa
Saimon Oliveira,missingvalue
Allan Nascimento,missingvalue
Dan Argueta,missingvalue
Cheyanne Vlismas,Estadounidense
Saidyokub Kakhramonov,missingvalue
Sergey Morozov,Kazaja
Darren Till,Inglés
Jay Perrin,missingvalue
Dalcha Lungiambula,Congoleña
Steven Koslow,missingvalue
Kyle Daukaus,Estadounidense
Scott Holtzman,missingvalue
Marcelo Rojo,missingvalue
Vince Morales,Estadounidense
Ricky Turcios,missingvalue
Kevin Natividad,missingvalue
Carla Esparza,Estadounidense
Michael Chandler,Estadounidense
Frankie Edgar,Estadounidense
Brad Riddell,Neozelandesa
Dominick Reyes,Estadounidense
Silvana Gomez Juarez,missingvalue
Michael Trizano,Estadounidense
Julio Arce,Estadounidense
Nicolae Negumereanu,Rumana
Darrick Minner,Estadounidense
Shanna Young,Estadounidense
Benito Lopez,missingvalue
Liudvik Sholinian,missingvalue
Carlos Candelario,missingvalue
Ramona Pascual,missingvalue
Calvin Kattar,Estadounidense
Jared Vanderaa,Estadounidense
Tresean Gore,missingvalue
Carlos Mota,missingvalue
Joshua Weems,missingvalue
TJ Dillashaw,Estadounidense
Gadzhi Omargadzhiev,missingvalue
Misha Cirkunov,LetonaCanadiense
Brandon Davis,Estadounidense
Nick Maximov,Estadounidense
Mike Jackson,Británica
Francisco Trinaldo,Brasileña
Aleksei Oleinik,"Ucrania, Unión Soviética y Rusia"
Jesse Ronson,missingvalue
Krzysztof Jotko,Polaca
Randy Costa,Estadounidense
Alen Amedovski,missingvalue
Louis Cosce,missingvalue
Mariya Agapova,Kazaja
Cameron VanCamp,missingvalue
Nate Diaz,Estadounidense
Li Jingliang,República Popular China
Chris Barnett,EstadounidenseEspañol
Danyelle Wolf,missingvalue
Melissa Martinez,missingvalue
Darian Weeks,missingvalue
Alessio Di Chirico,Italiana
Michal Figlak,missingvalue
Khalid Taha,Alemana
Luke Rockhold,Estadounidense
Jose Aldo,missingvalue
Wu Yanan,China
Harry Hunsucker,missingvalue
Leonardo Santos,Brasileña
Francisco Figueiredo,missingvalue
Dominick Cruz,Estadounidense
Nina Nunes,Estadounidense
Charlie Ontiveros,missingvalue
Jason Witt,Estadounidense
Thiago Santos,Brasileño
Sam Alvey,Estadounidense
Miranda Granger,Estadounidense
Julianna Pena,missingvalue
Alexander Gustafsson,Sueco
Mason Jones,Estadounidense
Damir Hadzovic,missingvalue
Charles Rosa,Estadounidense
Claudio Silva,Española
Shane Burgos,Estadounidense
Herbert Burns,missingvalue
Dwight Grant,Estadounidense
Antonina Shevchenko,Kirguís
Cortney Casey,Estadounidense
Karl Roberson,Estadounidense
Ronnie Lawrence,missingvalue
Donald Cerrone,Estadounidense
Uriah Hall,Jamaicano
Jessica Eye,Estadounidense
Alan Baudot,missingvalue
Raulian Paiva,Brasileña
Tony Kelley,Estadounidense
Danny Chavez,Estadounidense
Gloria de Paula,Brasileña
Eddie Wineland,Estadounidense
Deron Winn,Estadounidense
Joanna Jedrzejczyk,Polaca
Ramazan Emeev,Rusa
Poliana Botelho,Brasileña
Zarrukh Adashev,Uzbeka
Askar Mozharov,missingvalue
Felice Herrig,Estadounidense
Alex Da Silva,missingvalue
Niklas Stolze,missingvalue
Jeff Molina,Estadounidense
Andreas Michailidis,Griega
Felipe Colares,Brasileña
Aleksandar Rakic,missingvalue
Louis Smolka,Estadounidense
Frank Camacho,missingvalue
Alan Patrick,InglaterraInglaterra
Ariane Carnelossi,Brasileña
Tristan Connelly,missingvalue
Gina Mazany,Estadounidense
Sergey Khandozhko,missingvalue
Ike Villanueva,Estadounidense
Cameron Else,missingvalue
Dean Barry,missingvalue
Miguel Baeza,Española
TJ Laramie,missingvalue
Brandon Jenkins,missingvalue
Kevin Croom,Estadounidense
Tecia Torres,Estadounidense
Vinc Pichel,Estadounidense
Aspen Ladd,Estadounidense
Mickey Gall,Estadounidense
Kay Hansen,Estadounidense
Askar Askarov,Rusa
Sara McMann,Estadounidense
Aliaskhab Khizriev,missingvalue
Luis Saldana,missingvalue
Bruno Souza,Brasil Brasil
Kazula Vargas,Mexicano
Mike Grundy,missingvalue
Timur Valiev,Rusa
Marlon Moraes,Brasileño
Sabina Mazo,Colombiana
Kris Moutinho,missingvalue
Alex Oliveira,Brasileña
Greg Hardy,Estadounidense
Devonte Smith,Estadounidense
Rongzhu,missingvalue
Alejandro Perez,missingvalue
Ramiz Brahimaj,Estadounidense
Micheal Gillmore,missingvalue
Chas Skelly,Estadounidense
Mark Striegl,missingvalue
Jesse Strader,missingvalue
Roxanne Modafferi,Estadounidense
Fabio Cherant,Estadounidense
Alexis Davis,Canadiense
Danilo Marques,Brasileña
Francis Ngannou,CamerúnFrancia
Rogerio Bontorin,missingvalue
Dakota Bush,missingvalue
Sijara Eubanks,Estadounidense
Andre Ewell,Estadounidense
Matt Sayles,Estadounidense
Ryan Hall,missingvalue
Maki Pitolo,Estadounidense
Mallory Martin,Estadounidense
Chris Gruetzemacher,Estadounidense
Sean Soriano,Estadounidense
Ben Rothwell,Estadounidense
Felicia Spencer,Canadiense
Leah Letson,Estadounidense
Collin Anglin,missingvalue
Liana Jojua,Estadounidense
Al Iaquinta,Estadounidense
Jordan Williams,missingvalue
Gian Villante,Estadounidense
John Allan,Brasileña
Shamil Gamzatov,Rusa
Hu Yaozong,China
Laureano Staropoli,Argentina
Khama Worthy,Estadounidense
Livinha Souza,missingvalue
Randa Markos,CanadidenseIraquí
Zviad Lazishvili,missingvalue
Carlos Felipe,missingvalue
Andrew Sanchez,Estadounidense
Bethe Correia,Brasileña
Gaetano Pirrello,missingvalue
Johnny Eduardo,Brasileña
Nick Diaz,Estadounidense
Martin Sano,missingvalue
Antonio Arroyo,missingvalue
Mike Rodriguez,
Sarah Alpar,missingvalue
Impa Kasanganay,Estadounidense
Emily Whitmire,Estadounidense
David Zawada,Alemana
Luigi Vendramini,Brasileña
Darren Stewart,Inglesa
Domingo Pilarte,Estadounidense
Bea Malecki,Sueca
Sasha Palatnikov,"China (Hong Kong),[3]​ Estadounidense[4]​"
Casey Kenney,Estadounidense
Drako Rodriguez,missingvalue
Anderson Dos Santos,missingvalue
Jamey Simmons,missingvalue
Ryan Benoit,Estadounidense
Ian Heinisch,Estadounidense
Marion Reneau,Estadounidense
Jeremy Stephens,Estadounidense
Conor McGregor,Irlandés
Carlos Condit,Estadounidense
Omari Akhmedov,Rusa
Jerome Rivera,Estadounidense
Michel Prazeres,missingvalue
Justin Jaynes,missingvalue
Yancy Medeiros,missingvalue
Dhiego Lima,missingvalue
Roque Martinez,missingvalue
Lara Procopio,missingvalue
Demian Maia,Brasileño
Walt Harris,Estadounidense
Victor Rodriguez,missingvalue
Jacare Souza,missingvalue
Kevin Aguilar,missingvalue
Maurice Greene,Estados Unidos
Gregor Gillespie,Estadounidense
Christian Aguilera,missingvalue
Kai Kamaka,missingvalue
KB Bhullar,missingvalue
Luke Sanders,missingvalue
Stefan Sekulic,missingvalue
Justine Kish,Rusa y estadounidense
Luis Pena,Española
Juan Espino,missingvalue
Bartosz Fabinski,missingvalue
Anthony Birchak,missingvalue
Mike Perry,Estadounidense
Yorgan De Castro,missingvalue
Jarjis Danho,missingvalue
Hunter Azure,missingvalue
Jordan Griffin,missingvalue
Stipe Miocic,Estadounidense
Tyron Woodley,Estadounidense
Thomas Almeida,missingvalue
Gustavo Lopez,missingvalue
Ray Rodriguez,missingvalue
Megan Anderson,australiana
Joseph Benavidez,Estadounidense
Jordan Espinosa,missingvalue
Aalon Cruz,missingvalue
Jimmie Rivera,Estadounidense
Vince Cachero,missingvalue
Shana Dobson,missingvalue
Alistair Overeem,Neerlandés
Martin Day,missingvalue
Antonio Carlos Junior,missingvalue
Nik Lentz,missingvalue
Vinicius Moreira,missingvalue
Tom Breese,missingvalue
Markus Perez,missingvalue
Sarah Moras,Canadiense
Vanessa Melo,missingvalue
Jacob Kilburn,missingvalue
Anthony Pettis,Estadounidense
Carlton Minus,missingvalue
Junior Dos Santos,Brasil
Peter Barrett,missingvalue
Matt Wiman,missingvalue
Jose Quinonez,missingvalue
Spike Carlyle,missingvalue
Rachael Ostovich,Estadounidense
Alan Jouban,missingvalue
Paul Felder,missingvalue
Geraldo de Freitas,missingvalue
Claudia Gadelha,missingvalue
Bevon Lewis,missingvalue
Eduardo Garagorri,missingvalue
Anderson Silva,missingvalue
Jack Marshman,missingvalue
Cole Williams,missingvalue
Justin Ledet,missingvalue
Khabib Nurmagomedov,Ruso
Liliya Shakirova,missingvalue
Stefan Struve,Neerlandés
Alexander Yakovlev,missingvalue
James Krause,missingvalue
John Phillips,Estadounidense
Gadzhimurad Antigulov,missingvalue
Ali AlQaisi,missingvalue
Germaine de Randamie,Holandesa
Dequan Townsend,missingvalue
Jessin Ayari,missingvalue
Diego Sanchez,missingvalue
Jeff Hughes,
Khadis Ibragimov,missingvalue
Mirsad Bektic,missingvalue
Mara Romero Borella,Italiana
Irwin Rivera,Mexicano
Brok Weaver,missingvalue
Anthony Ivy,missingvalue
Zelim Imadaev,missingvalue
Cole Smith,missingvalue
Ricardo Lamas,Estadounidense
Austin Springer,missingvalue
Hannah Cifers,Estadounidense
Daniel Cormier,Estadounidense
John Dodson,Estadounidense
Frankie Saenz,missingvalue
Rogerio Nogueira,missingvalue
Fabricio Werdum,Brasileño Español
Peter Sobotta,Alemana
Raphael Pessoa,missingvalue
Nad Narimani,missingvalue
Joe Duffy,Irlandés
Brett Johns,missingvalue
Davi Ramos,missingvalue
Chris Fishgold,missingvalue
Paige VanZant,Estadounidense
Danny Henry,missingvalue
Roman Bogatov,missingvalue
Lyman Good,missingvalue
Brianna Fortino,Estadounidense
Max Rohskopf,missingvalue
Mark De La Rosa,missingvalue
Anthony Rocco Martin,missingvalue
Charles Byrd,missingvalue
Jussier Formiga,brasileña
Evan Dunham,Estadounidense
Ray Borg,missingvalue
Aleksei Kunchenko,missingvalue
Yoel Romero,Cubano[1]​
Saparbeg Safarov,missingvalue
Gabriel Silva,Colombiana
Ismail Naurdiev,missingvalue
Ben Sosoli,missingvalue
Magomed Mustafaev,Rusa
Emil Meek,missingvalue
Callan Potter,missingvalue
Corey Anderson,Estadounidense
Juan Adams,Estadounidense
Darko Stosic,missingvalue
Dooho Choi,missingvalue
Pingyuan Liu,missingvalue
Suman Mokhtarian,missingvalue
Dong Hyun Ma,missingvalue
Urijah Faber,Estadounidense
Ben Saunders,missingvalue
Daniel Teymur,missingvalue
Oskar Piechota,missingvalue
Thiago Alves,missingvalue
Trevor Smith,
Sergio Moraes,missingvalue
Renan Barao,Brasileño
Isabela de Padua,missingvalue
Zabit Magomedsharipov,Ruso
Klidson Abreu,missingvalue
Rustam Khabilov,missingvalue
Grigory Popov,missingvalue
Chance Rencountre,missingvalue
Ben Askren,Estadounidense
Stevie Ray,Estados Unidos
Alex White,missingvalue
Enrique Barzola,Peruano
Aleksandra Albu,Rusa
Joe Lauzon,Estadounidense
Manny Bermudez,missingvalue
Kyle Bochniak,missingvalue
Boston Salmon,missingvalue
Daniel Spitz,missingvalue
James Vick,missingvalue
Thomas Gifford,Estadounidense
Hector Aldana,Mexicana
Lauren Mueller,missingvalue
Luke Jumeau,missingvalue
Rostem Akman,missingvalue
Nadia Kassem,Australiana
Danilo Belluardo,missingvalue
Siyar Bahadurzada,Afgano
Nohelin Hernandez,missingvalue
Martin Bravo,Argentina  Mexicana
Carlos Huachin,missingvalue
Marco Polo Reyes,Mexicano
Sergio Pettis,missingvalue
Marcos Mariano,missingvalue
Ryan MacDonald,missingvalue
Kyle Prepolec,missingvalue
Mairbek Taisumov,missingvalue
Teemu Packalen,missingvalue
Nordine Taleb,missingvalue
Don Madge,Sudafricano
Derrick Krantz,missingvalue
Andre Soukhamthath,missingvalue
Jodie Esquibel,Estadounidense
Liz Carmouche,Estadounidense
Humberto Bandenay,missingvalue
Bobby Moffett,missingvalue
Salim Touahri,missingvalue
Cristiane Justino,Brasileña
Olivier Aubin-Mercier,missingvalue
Yoshinori Horie,missingvalue
Sarah Frota,missingvalue
Erik Koch,Estadounidense
Kyle Stewart,missingvalue
Jin Soo Son,missingvalue
Cezar Ferreira,missingvalue
Sheymon Moraes,missingvalue
Nicco Montano,missingvalue
Gilbert Melendez,Estadounidense
Dan Moret,missingvalue
Junior Albini,missingvalue
Syuri Kondo,Japón
Allen Crowder,missingvalue
Eric Spicely,missingvalue
Jimi Manuwa,Inglesa
Sung Bin Jo,missingvalue
Tonya Evinger,Estadounidense
Nick Hein,Alemana
Duda Santana,missingvalue
Desmond Green,missingvalue
Patrick Cummins,missingvalue
BJ Penn,Estadounidense
Talita Bernardo,missingvalue
Elias Theodorou,missingvalue
Arjan Bhullar,Canadiense
Mitch Gagnon,missingvalue
Dmitrii Smoliakov,missingvalue
John Lineker,brasileña
Jason Gonzalez,missingvalue
Marcelo Golm,missingvalue
Sultan Aliev,missingvalue
Keita Nakamura,Japonesa
Wilson Reis,Brasileño
Curtis Millender,missingvalue
David Branch,missingvalue
Jessica Aguilar,Mexicana
Ross Pearson,Inglés
Justin Willis,missingvalue
Eric Shelton,missingvalue
Jordan Rinaldi,missingvalue
Tim Boetsch,Estadounidense
Zak Ottow,missingvalue
Carlo Pedersoli Jr.,missingvalue
Cain Velasquez,Estadounidense  Mexicana
Myles Jury,Estadounidense
Austin Arnett,missingvalue
Teruto Ishihara,missingvalue
Wulijiburen,missingvalue
David Teymur,missingvalue
Bibulatov Magomed,missingvalue
Dustin Ortiz,missingvalue
Dennis Bermudez,missingvalue
Te Edwards,missingvalue
Chad Mendes,Estadounidense
Cat Zingano,Estadounidense
Adam Milstead,missingvalue
Chris de la Rocha,missingvalue
Matthew Lopez,missingvalue
Chad Laprise,missingvalue
Mark Hunt,Neozelandés
Yushin Okami,Japonés
Ben Nguyen,missingvalue
Elias Garcia,missingvalue
Mizuto Hirota,missingvalue
Alex Gorgees,missingvalue
Justin Frazier,missingvalue
Bryan Caraway,missingvalue
Darrell Horcher,missingvalue
Ricky Rainey,missingvalue
Rashad Coulter,missingvalue
Yuta Sasaki,missingvalue
Devin Powell,missingvalue
Amanda Cooper,missingvalue
John Gunther,missingvalue
Joseph Morales,missingvalue
Joby Sanchez,missingvalue
Jason Knight,Estados Unidos
Adam Wieczorek,missingvalue
Artem Lobov,missingvalue
Alex Garcia,missingvalue
Thibault Gouti,missingvalue
Gray Maynard,Estadounidense
Ryan LaFlare,missingvalue
Luis Henrique,missingvalue
Thales Leites,missingvalue
Hector Lombard,Cubano Australiano[2]​[3]​
Alex Chambers,missingvalue
Khalid Murtazaliev,missingvalue
CB Dollaway,missingvalue
Kajan Johnson,missingvalue
Adam Yandiev,missingvalue
Jordan Johnson,Estadounidense
Terrion Ware,missingvalue
Craig White,missingvalue
Robert Sanchez,missingvalue
Jarred Brooks,Estadounidense
Jake Ellenberger,Estadounidense
John Moraga,missingvalue
Tim Williams,missingvalue
Iuri Alcantara,missingvalue
George Sullivan,missingvalue
Jon Tuck,missingvalue
Demetrious Johnson,Estadounidense
Jose Torres,missingvalue
Danielle Taylor,missingvalue
Eddie Alvarez,Estadounidense
Jordan Mein,missingvalue
Alvaro Herrera Mendoza,missingvalue
Vitor Miranda,missingvalue
Jeremy Kimball,missingvalue
Damian Stasiak,missingvalue
Sage Northcutt,Estadounidense
Justin Scoggins,missingvalue
Gokhan Saki,missingvalue
Jamie Moyle,Estadounidense
Joe Giannetti,missingvalue
Barb Honchak,Estadounidense
Richie Smullen,missingvalue
Allan Zuniga,missingvalue
Tyler Diamond,missingvalue
Matt Bessette,missingvalue
Daichi Abe,missingvalue
Felipe Arantes,missingvalue
Rolando Dy,missingvalue
Shinsho Anzai,missingvalue
Viviane Pereira,missingvalue
Naoki Inoue,missingvalue
Jenel Lausa,missingvalue
Melinda Fabian,missingvalue
Rashad Evans,Estadounidense
Mike Santiago,missingvalue
Gleison Tibau,missingvalue
Mads Burnell,missingvalue
Daniel Kelly,missingvalue
Brad Scott,missingvalue
Diego Rivas,Española
Henry Briones,Mexicano
Felipe Silva,Brasil Brasil
Vitor Belfort,Brasileño
Lyoto Machida,Brasileño
Alberto Mina,missingvalue
James Bochnovic,missingvalue
Luan Chagas,missingvalue
Patrick Williams,Estadounidense
Bec Rawlings,Australiana
Tom Duquesnoy,missingvalue
Oliver Enkamp,missingvalue
Mark Godbeer,missingvalue
Dmitry Sosnovskiy,missingvalue
Mike Pyle,Estadounidense
Russell Doane,missingvalue
Albert Morales,missingvalue
Brian Camozzi,missingvalue
Joshua Burkman,missingvalue
Cyril Asker,missingvalue
Damien Brown,missingvalue
Rob Wilkinson,missingvalue
Jeremy Kennedy,missingvalue
Timothy Johnson,Estadounidense
Maia Stevenson,missingvalue
Joe Soto,missingvalue
Godofredo Pepey,missingvalue
Juliana Lima,missingvalue
Francimar Barroso,missingvalue
Sabah Homasi,missingvalue
Galore Bofando,missingvalue
Abel Trujillo,missingvalue
Oluwale Bamgbose,missingvalue
Erick Silva,Brasil
Carls John De Tomas,missingvalue
Antonio Braga Neto,missingvalue
Angela Magana,missingvalue
Christina Marks,missingvalue
Ryan Janes,missingvalue
Ariel Beck,missingvalue
Michael Bisping,Inglés
Wang Guan,missingvalue
Bobby Nash,missingvalue
Kailin Curran,Estadounidense
Bharat Kandare,missingvalue
Bojan Velickovic,missingvalue
Ashkan Mokhtarian,missingvalue
Will Brooks,Estadounidense
Anthony Hamilton,Estadounidense
Nate Marquardt,Estadounidense
Michel Quinones,missingvalue
Marcel Fortuna,missingvalue
Georges St-Pierre,Canadiense
Johny Hendricks,Estadounidense
Hacran Dias,missingvalue
Jonathan Wilson,missingvalue
Marcin Held,missingvalue
Marco Beltran,missingvalue
Takanori Gomi,japonés
Henrique da Silva,missingvalue
Hyun Gyu Lim,missingvalue
Jason Saggo,missingvalue
Mitch Clarke,missingvalue
Adriano Martins,Brasilero
Bojan Mihajlovic,missingvalue
Andrew Holbrook,missingvalue
Hector Sandoval,Mexicano
Rafael Natal,missingvalue
Damian Grabowski,missingvalue
Frankie Perez,missingvalue
Chris Wade,missingvalue
James Mulheron,missingvalue
Neil Seery,missingvalue
Leslie Smith,Estadounidense
Daniel Omielanczuk,missingvalue
Travis Browne,Estadounidense
Jesse Taylor,missingvalue
Joachim Christensen,missingvalue
Dennis Siver,alemán
Johnny Case,missingvalue
Josh Stansbury,missingvalue
Dong Hyun Kim,Surcoreano
Tarec Saffiedine,Belga
Dominique Steele,missingvalue
Kiichi Kunimoto,missingvalue
Alex Nicholson,missingvalue
Chris Camozzi,Estadounidense
Reza Madadi,missingvalue
Nicholas Musoke,missingvalue
Joe Proctor,missingvalue
Roy Nelson,Estadounidense
Rashid Magomedov,missingvalue
Augusto Mendes,missingvalue
Nathan Coy,missingvalue
Anthony Johnson,Estadounidense
Gegard Mousasi,Neerlandés
Patrick Cote,missingvalue
Mike de la Torre,missingvalue
Brad Pickett,Inglés
Scott Askham,missingvalue
Rony Jason,missingvalue
Garreth McLellan,missingvalue
Sam Sicilia,missingvalue
Reginaldo Vieira,missingvalue
Phillipe Nover,missingvalue
Roan Carneiro,missingvalue
Michinori Tanaka,missingvalue
Daniel Jolly,missingvalue
Viktor Pesta,missingvalue
Jocelyn Jones-Lybarger,missingvalue
Ronda Rousey,Estadounidense
Brandon Thatch,missingvalue
Cole Miller,missingvalue
James Moontasri,missingvalue
Takeya Mizugaki,missingvalue
Fredy Serrano,missingvalue
Tim Kennedy,missingvalue
Valerie Letourneau,missingvalue
Zach Makovsky,missingvalue
Sean O'Connell,missingvalue
Tiago dos Santos e Silva,missingvalue
Brendan O'Reilly,missingvalue
Elvis Mutapcic,missingvalue
Kyle Noke,missingvalue
Seo Hee Ham,missingvalue
Richard Walsh,missingvalue
Geane Herrera,missingvalue
Guangyou Ning,missingvalue
Yao Zhikui,missingvalue
Ryan Bader,Estadounidense
Manvel Gamburyan,Armenio
Magnus Cedenblad,missingvalue
Kyoji Horiguchi,missingvalue
Ali Bagautinov,Ruso
Heather Clark,missingvalue
Erik Perez,missingvalue
Erick Montano,missingvalue
Dan Henderson,Estadounidense
Albert Tumenov,missingvalue
Lukasz Sajewski,missingvalue
Tamdan McCrory,missingvalue
Antonio Silva,Brasileño
Hector Urbina,missingvalue
Glaico Franca Moreira,missingvalue
Kenny Robertson,missingvalue
Maximo Blanco,Costarricense
Augusto Montano,missingvalue
Joey Gomez,missingvalue
CM Punk,Estados Unidos
Caio Magalhaes,missingvalue
Sean Spencer,missingvalue
Josh Barnett,Estadounidense
Tae Hyun Bang,missingvalue
Leandro Issa,missingvalue
Leandro Silva,missingvalue
Kevin Casey,missingvalue
Shane Campbell,missingvalue
Rick Story,Estadounidense
Elizabeth Phillips,Estadounidense
Lorenz Larkin,missingvalue
Tatsuya Kawajiri,missingvalue
Francisco Rivera,Española
Jim Alers,missingvalue
Michael McDonald,missingvalue
Josh Samman,missingvalue
Cody Pfister,missingvalue
Thiago Tavares,missingvalue
Jerrod Sanders,missingvalue
Rory MacDonald,Canadiense
Steve Bosse,missingvalue
Chris Beal,missingvalue
Yan Cabral,missingvalue
Dominic Waters,Estadounidense
Willie Gates,missingvalue
Chris Kelades,missingvalue
Clint Hester,Estadounidense
Efrain Escudero,missingvalue
Michael Graves,Estadounidense
Gabriel Gonzaga,Brasileño
Igor Pokrajac,missingvalue
Robert Whiteford,missingvalue
Lucas Martins,missingvalue
Frank Mir,Cubano Estadounidense
James Te Huna,Neozelandés
Mark Eddiva,missingvalue
Viscardi Andrade,missingvalue
Tom Lawlor,Estados Unidos
Marcelo Guimaraes,missingvalue
Justin Salas,missingvalue
Mike Wilkinson,Estados Unidos  Macedonia del Norte Macedonia del Norte
Chris Dempsey,missingvalue
Yaotzin Meza,missingvalue
Norman Parke,missingvalue
Joe Riggs,missingvalue
Daniel Sarafian,missingvalue
Jared Rosholt,missingvalue
Rafael Cavalcante,missingvalue
KJ Noons,missingvalue
Noad Lahat,Israelí
Masio Fullen,missingvalue
Matt Dwyer,missingvalue
Matt Mitrione,Estadounidense
Daron Cruickshank,missingvalue
Diego Brandao,missingvalue
Tony Sims,missingvalue
Masanori Kanehara,missingvalue
Sheldon Westcott,Canadiense
Edgar Garcia,missingvalue
Sarah Kaufman,Canadiense
Danny Castillo,missingvalue
Marcio Alexandre Junior,missingvalue
Mike Pierce,missingvalue
John Howard,Australiana
Benson Henderson,Estadounidense
Yoshihiro Akiyama,Japonés
Dongi Yang,missingvalue
Scott Jorgensen,Estadounidense
Valmir Lazaro,missingvalue
Akbarh Arreola,missingvalue
Anthony Perosh,missingvalue
Richie Vaculik,missingvalue
Danny Martinez,missingvalue
Piotr Hallmann,missingvalue
Fabio Maldonado,missingvalue
Edimilson Souza,missingvalue
Gasan Umalatov,missingvalue
Paddy Holohan,missingvalue
Jon Delos Reyes,missingvalue
Mickael Lebout,missingvalue
Aisling Daly,Irlandesa
Cathal Pendred,missingvalue
Shawn Jordan,Estadounidense
Ruslan Magomedov,missingvalue
Francisco Trevino,missingvalue
Chris Cariaso,Filipino Estadounidense
Chico Camus,missingvalue
George Roop,missingvalue
Katsunori Kikuno,missingvalue
Naoyuki Kotani,missingvalue
Clay Collard,missingvalue
Ron Stallings,missingvalue
Sam Stout,missingvalue
Yves Jabouin,missingvalue
Elias Silverio,missingvalue
Tom Watson,missingvalue
Antonio Rodrigo Nogueira,Brasileño
Soa Palelei,missingvalue
Hugo Viana,Portuguesa
Ramsey Nijem,missingvalue
Jessamyn Duke,Estadounidense
Ivan Jorge,missingvalue
Pawel Pawlak,missingvalue
Leonardo Mafra,missingvalue
Vaughan Lee,missingvalue
Marcus Brimage,missingvalue
Todd Duffee,missingvalue
Josh Thomson,Estadounidense
Igor Araujo,missingvalue
Ildemar Alcantara,missingvalue
Andrew Craig,missingvalue
Dan Miller,missingvalue
Darrell Montague,missingvalue
Mike Swick,Estadounidense
Yosdenis Cedeno,missingvalue
Eddie Gordon,missingvalue
Levan Makashvili,missingvalue
Brian Ebersole,missingvalue
Justin Edwards,missingvalue
Ryan Jimmo,missingvalue
Josh Sampo,missingvalue
Constantinos Philippou,missingvalue
Mark Munoz,missingvalue
Luke Barnatt,missingvalue
Zhang Lipeng,missingvalue
Royston Wee,missingvalue
Hatsu Hioki,missingvalue
Dylan Andrews,missingvalue
Vik Grujic,missingvalue
Alptekin Ozkilic,missingvalue
Quinton Jackson,Estadounidense
Chris Clements,missingvalue
Jimy Hettes,missingvalue
Mirko Filipovic,Croata
Seth Baczynski,missingvalue
Robert Peralta,missingvalue
Josh Koscheck,Estadounidense
Ruan Potts,missingvalue
William Macario,missingvalue
Ian McCall,missingvalue
Andy Enz,missingvalue
Phil Davis,Estadounidense
Akira Corassani,missingvalue
Andy Ogle,missingvalue
Stanislav Nedkov,Búlgaro
Louis Gaudinot,missingvalue
Rodrigo Damm,missingvalue
Mike Rhodes,missingvalue
Tom Niinimaki,missingvalue
Jamie Varner,missingvalue
Joe Ellenberger,missingvalue
Garett Whiteley,missingvalue
Dustin Kimura,missingvalue
Brendan Schaub,Estadounidense
Matt Hobar,missingvalue
Isaac Vallie-Flagg,missingvalue
Yves Edwards,missingvalue
Charlie Brenneman,missingvalue
Vagner Rocha,missingvalue
Luke Zachrich,missingvalue
Fabricio Camoes,missingvalue
Anthony Njokuani,missingvalue
Ernest Chavez,missingvalue
Amir Sadollah,missingvalue
Kazuki Tokudome,missingvalue
Paulo Thiago,Brasileño
Johnny Bedford,missingvalue
Francis Carmont,missingvalue
Cung Le,Vietnamita Estadounidense
Roland Delorme,missingvalue
Kyle Kingsbury,missingvalue
Steven Siler,missingvalue
Phil Harris,Estadounidense
Cody Donovan,missingvalue
Pat Healy,Estadounidense
Daniel Spohn,missingvalue
Colton Smith,missingvalue
Mike Easton,missingvalue
Jason High,missingvalue
Bobby Voelker,missingvalue
Lance Benoist,missingvalue
Mark Bocek,missingvalue
Ronny Markes,missingvalue
Jake Shields,Estadounidense
Renee Forte,missingvalue
Will Campuzano,Mexicano
Robert McDaniel,missingvalue
Melvin Guillard,Estadounidense
Cyrille Diabate,missingvalue
John Hathaway,missingvalue
Ivan Menjivar,SalvadoreñoCanadiense (adquirida)
Nam Phan,missingvalue
TJ Waldburger,missingvalue
Rafaello Oliveira,missingvalue
Cristiano Marcello,missingvalue
Nick Catone,missingvalue
Mike Rio,missingvalue
Chris Leben,Estadounidense
Mac Danzig,Estadounidense
Cody McKenzie,missingvalue
Roger Bowling,missingvalue
Darren Uyenoyama,missingvalue
Pat Barry,Estadounidense
Nick Ring,missingvalue
Chael Sonnen,Estadounidense
Edwin Figueroa,missingvalue
Alessio Sakara,Italiano
Michael Kuiper,missingvalue
George Sotiropoulos,Griega Australiana
Adlan Amagov,missingvalue
Jeremy Larsen,missingvalue
Dustin Pague,missingvalue
Thiago Silva,BrasileñaFrancesa[2]​
Matt Hamill,Estadounidense
Joey Beltran,missingvalue
Rousimar Palhares,brasileño
David Mitchell,Británica
Iliarde Santos,missingvalue
Mike Ricci,missingvalue
Yuri Villefort,missingvalue
Brandon Vera,Filipino Estadounidense
Ryan Couture,missingvalue
Jared Hamman,missingvalue
Martin Kampmann,Danesa
James Head,missingvalue
Ben Alloway,missingvalue
Mike Brown,missingvalue
Vinny Magalhaes,missingvalue
Bristol Marunde,missingvalue
Aaron Riley,missingvalue
John Albert,missingvalue
Roger Gracie,Brasileño
Dave Herman,missingvalue
Sean Pierson,missingvalue
John Maguire,missingvalue
Karlos Vemola,missingvalue
TJ Grant,missingvalue
Brian Bowles,Estadounidense
John Cholish,missingvalue
Alan Belcher,Estadounidense
Cheick Kongo,Francés
Leonard Garcia,missingvalue
Clifford Starks,missingvalue
Bart Palaszewski,missingvalue
Justin Lawrence,Panameña Panameña Estadunidense
Philip De Fries,missingvalue
Pablo Garza,missingvalue
Antonio Carvalho,missingvalue
Issei Tamura,missingvalue
Reuben Duran,missingvalue
Wanderlei Silva,Brasileño
Brian Stann,Estadounidense
Riki Fukuda,missingvalue
Josh Neer,missingvalue
Lavar Johnson,missingvalue
Anton Kuivanen,missingvalue
Matt Grice,missingvalue
Caros Fodor,missingvalue
Jorge Santiago,missingvalue
Terry Etim,missingvalue
Paul Sass,missingvalue
Josh Grispi,missingvalue
Jon Fitch,Estadounidense
Jay Hieron,missingvalue
Jacob Volkmann,missingvalue
Vladimir Matyushenko,missingvalue
Mike Russow,missingvalue
Simeon Thoresen,missingvalue
Diego Nunes,missingvalue
Wagner Prado,missingvalue
Jonathan Brookins,missingvalue
Jared Papazian,missingvalue
Brendan Loughnane,missingvalue
Henry Martinez,missingvalue
Marcus LeVesseur,missingvalue
Mark Hominick,missingvalue
Chad Griggs,missingvalue
Matthew Riddle,Estadounidense
Rich Franklin,Estadounidense
Zhang Tiequan,missingvalue
Jeff Hougland,missingvalue
Stephan Bonnar,Estadounidense
Luiz Cane,missingvalue
Aaron Simpson,missingvalue
Carlo Prater,missingvalue
Shane Roller,missingvalue
Dan Hardy,Inglés
Che Mills,missingvalue
Duane Ludwig,missingvalue
DaMarques Johnson,missingvalue
Jason Young,missingvalue
Walel Watson,missingvalue
Ken Stone,missingvalue
Michihiro Omigawa,missingvalue
Damacio Page,missingvalue
Forrest Griffin,Estadounidense
Tito Ortiz,missingvalue
John Alessio,missingvalue
Spencer Fisher,missingvalue
Ricardo Funch,missingvalue
Carlos Eduardo Rocha,missingvalue
Jake Hecht,missingvalue
Jason MacDonald,missingvalue
Kamal Shalorus,missingvalue
Jeff Curran,missingvalue
Mike Massenzio,missingvalue
Miguel Torres,missingvalue
Aaron Rosa,missingvalue
Mackens Semerzier,missingvalue
Norifumi Yamamoto,missingvalue
Steve Cantwell,missingvalue
Chris Cope,missingvalue
Christian Morecraft,missingvalue
Jorge Rivera,missingvalue
Eric Schafer,missingvalue
Daniel Roberts,missingvalue
Brock Lesnar,Canadá y Estados Unidos
Junior Assuncao,missingvalue
Claude Patrick,missingvalue
Krzysztof Soszynski,Polaco   Canadiense
Dennis Hallman,missingvalue
Rich Attonito,missingvalue
Jason Brilz,missingvalue
Nick Pace,missingvalue
Shamar Bailey,missingvalue
Clay Harvison,missingvalue
Cole Escovedo,missingvalue
Edward Faaloloto,missingvalue
Rob Broughton,missingvalue
Tyson Griffin,missingvalue
Eliot Marshall,missingvalue
Danny Downes,missingvalue
Kenny Florian,Estadounidense
Matt Hughes,Estadounidense
Ricardo Romero,Argentina
Chris Lytle,Estadounidense
Andre Winner,missingvalue
Joe Stevenson,missingvalue
Javier Vazquez,Española
Shane Carwin,Estadounidense
Tim Credeur,missingvalue
Kendall Grove,missingvalue
Randy Couture,Estadounidense
Charlie Valencia,missingvalue
Ryan Jensen,missingvalue
Jon Madsen,missingvalue
Kris McCray,missingvalue
Sean McCorkle,missingvalue
Mario Miranda,Boliviana
Ricardo Almeida,missingvalue
Kurt Pellegrino,missingvalue
Rob Kimmons,missingvalue
Chris Tuchscherer,missingvalue
Antonio Banuelos,missingvalue
Paul Kelly,missingvalue
Paul Taylor,Estadounidense
Tim Hague,missingvalue
Mike Guymon,missingvalue
Marcus Davis,missingvalue
Phil Baroni,estadounidense
Greg Soto,missingvalue
Joe Doerksen,missingvalue
Dustin Hazelett,missingvalue
Tyler Toner,missingvalue
Fredson Paixao,missingvalue
Gerald Harris,missingvalue
Brian Foster,missingvalue
Karo Parisyan,armenio-estadounidense
Goran Reljic,missingvalue
Nick Osipczak,missingvalue
Seth Petruzelli,missingvalue
Gilbert Yvel,neerlandés
James Wilks,missingvalue
James McSweeney,missingvalue
Matt Serra,Estadounidense
Sean Sherk,missingvalue
John Gunderson,missingvalue
Tomasz Drwal,missingvalue
Forrest Petz,missingvalue
John Salter,missingvalue
Rodney Wallace,Costarricense
James Irvin,missingvalue
Steve Steinbeiss,missingvalue
Keith Jardine,Estadounidense
Chuck Liddell,Estadounidense
David Loiseau,missingvalue
Jesse Lennox,missingvalue
Jesse Forbes,missingvalue
Paul Daley,missingvalue
Kevin Ferguson,Bahameña Estadounidense
Jonathan Goulet,missingvalue
Yoshiyuki Yoshida,missingvalue
Brad Blackburn,missingvalue
Mostapha Al-Turk,Libanesa  Inglesa
Nate Quarry,missingvalue
Rob Emerson,missingvalue
Caol Uno,missingvalue
Rory Markham,missingvalue
Paul Buentello,missingvalue
Shannon Gugerty,missingvalue
Mark Coleman,Estadounidense
Frank Trigg,estadounidense
Justin Buchholz,missingvalue
Kyle Bradley,missingvalue
Wilson Gouveia,missingvalue
Shane Nelson,missingvalue
Kevin Burns,missingvalue
Houston Alexander,missingvalue
Brock Larson,missingvalue
Jason Dent,missingvalue
Denis Kang,canadiense
Rolando Delgado,missingvalue
Antoni Hardonk,missingvalue
Hermes Franca,missingvalue
Drew McFedries,missingvalue
Roger Huerta,Estadounidense
Chris Wilson,Estadounidense
Justin McCully,missingvalue
Marcus Aurelio,missingvalue
Jake O'Brien,missingvalue
Dale Hartt,missingvalue
David Bielkheden,missingvalue
Ryo Chonan,japonés
Carmelo Marrero,missingvalue
Tim McKenzie,missingvalue
Pete Sell,missingvalue
Jason Day,Peruana
Luigi Fioravanti,missingvalue
Rich Clementi,missingvalue
Akihiro Gono,missingvalue
Christian Wellisch,missingvalue
Matt Arroyo,missingvalue
Jeremy Horn,missingvalue
Antonio Mendes,missingvalue
Nate Mohr,missingvalue
Dean Lister,missingvalue
Corey Hill,missingvalue
Eddie Sanchez,missingvalue
Jorge Gurgel,missingvalue
Alvin Robinson,missingvalue
Rameau Thierry Sokoudjou,Camerunesa
Jason Lambert,missingvalue
Heath Herring,Estadounidense
Luke Cummo,missingvalue
Evan Tanner,missingvalue
Marvin Eastman,missingvalue
Kazuhiro Nakamura,Japonés
Travis Lutter,missingvalue
Kalib Starnes,missingvalue
Charles McCarthy,missingvalue
Kuniyoshi Hironaka,missingvalue
Tommy Speer,missingvalue
Tim Sylvia,Estadounidense
David Heath,Estados Unidos
Terry Martin,Estadounidense
Tony DeSouza,Peruana
Renato Sobral,missingvalue
Jens Pulver,missingvalue
Rory Singer,missingvalue
Scott Smith,Estadounidense
Elvis Sinosic,missingvalue
Drew Fickett,missingvalue
Jeff Monson,Estadounidense Rusa
Ken Shamrock,Estadounidense
Rob MacDonald,missingvalue
Nick Thompson,missingvalue
Trevor Prangley,missingvalue
Alex Karalexis,missingvalue
Matt Lindland,Estadounidense
Mike Kyle,missingvalue
